epoch,baseline_train_loss,baseline_train_acc,baseline_val_loss,baseline_val_acc,pruned_train_loss,pruned_train_acc,pruned_val_loss,pruned_val_acc
0,1.8500183683395386,34.384,1.464131112098694,46.49,1.8198366846466065,34.114,1.6244414474487305,40.89
1,1.3846107089614867,49.058,1.2593938974380494,53.65,1.395767766494751,48.66,1.3207132457733155,51.43
2,1.200197480392456,56.608,1.31070863571167,54.14,1.2104141690063477,56.178,1.176194706249237,57.64
3,1.0531215378570558,62.062,1.1703597282409668,59.3,1.0667910024642944,61.49,1.035426411151886,63.25
4,0.9586069328498841,66.02,1.0245735286712647,63.23,0.962697868347168,65.478,1.1426744636535644,59.14
5,0.8729898414421081,68.966,0.9746401476860046,65.68,0.8690727556037903,69.084,0.9799926612854004,65.83
6,0.7897203380966187,72.336,1.0053395720481872,65.87,0.7984260478401184,71.96,0.8886974732398987,69.36
7,0.7339110633468628,74.262,1.0034239292144775,65.04,0.7293962323379517,74.504,1.2946840353012086,59.81
8,0.6702724524307251,76.662,1.3332179014205932,59.81,0.6804566567993164,76.276,0.7672749455451965,73.81
9,0.6278657103729248,78.262,0.970686646938324,68.44,0.633776190700531,78.018,0.9907786756515503,66.54
10,0.5901723399162292,79.578,1.146738195514679,63.79,0.6058313610458375,79.134,0.7384826829910278,74.77
11,0.5650855345153809,80.282,1.0328179661750794,67.23,0.5833135460662842,80.022,0.6777312298297882,77.68
12,0.5456905317497254,81.142,0.7017707485198975,75.32,0.555578056602478,80.886,0.7421830240249634,74.61
13,0.5269576289558411,81.768,0.8070242001056671,73.45,0.5422460967445374,81.598,0.8498733891487121,71.72
14,0.5063062612056732,82.634,1.0054676215171814,70.17,0.5239750591945648,82.186,0.8569724565505982,71.32
15,0.49044911803245544,83.366,0.9169778285980225,71.11,0.5085008044624328,82.814,0.9279232389450073,70.9
16,0.4795714300441742,83.646,0.9717291573524475,69.83,0.4996416537284851,82.994,0.7224261629104615,75.36
17,0.4651725454807282,84.1,0.7353340053558349,76.34,0.48901331497192385,83.454,0.697244730424881,77.08
18,0.4544141087245941,84.674,0.7329086183547974,76.04,0.4764695381164551,84.018,0.8835355185508728,70.9
19,0.44412877111434934,84.974,0.6292663536548615,78.56,0.4586889186477661,84.634,0.9390190954208374,70.75
20,0.4362777517414093,85.25,0.6815471429824829,77.54,0.4550031844997406,84.614,0.5633929550170899,80.74
21,0.42418297936439514,85.696,0.8083091953277588,74.12,0.4530591393852234,84.75,0.874912614440918,71.45
22,0.4219533407306671,85.784,0.9509830605506897,70.27,0.4409874338054657,85.08,0.7456474768161774,75.65
23,0.4225402771091461,85.596,0.9176783905982971,72.47,0.435329603099823,85.24,1.0888098631858825,67.71
24,0.408943937664032,86.204,0.7267493022441864,76.72,0.42766532373428345,85.514,0.7931502385139465,74.63
25,0.40649163403511046,86.268,0.7345657039165496,76.49,0.4238286562728882,85.742,0.6971236617088318,76.63
26,0.4126190470123291,85.942,0.7655502293109894,74.97,0.4199399684524536,85.968,0.7368496478796005,76.09
27,0.40415954320907593,86.438,0.9971056556701661,70.12,0.4118271244430542,86.184,0.7634734848022461,75.36
28,0.39010263365745546,86.888,0.7460842007160187,74.27,0.40894957332134246,86.11,0.7145109467983246,76.72
29,0.38716784267425536,87.2,0.6148037957668304,79.26,0.3970731753540039,86.79,0.8153463195323944,74.31
30,0.38604237705230715,86.926,0.7490167080402375,75.84,0.3986527545547485,86.556,0.7646464085578919,75.73
31,0.3813220568084717,87.304,0.8445547656059265,74.07,0.3958372341251373,86.822,0.8304413482666015,73.2
32,0.38328018255233764,87.172,0.5978294380187988,80.25,0.3853019885921478,87.17,0.6527273389816284,78.54
33,0.37005521317481993,87.654,0.7846438761711121,74.29,0.3847859100151062,87.016,1.0828747259140015,67.25
34,0.36661762685775756,87.724,0.6820131950378417,77.59,0.3810314549446106,87.214,0.6539086514949799,78.72
35,0.3594332084941864,87.998,0.7073210270881652,77.66,0.378694532995224,87.34,0.9413719632148743,70.34
36,0.36021502106666564,87.976,0.5165920598506928,82.6,0.37740349084854125,87.352,0.7636487209796905,75.03
37,0.364766542263031,87.84,0.6383877664923668,78.52,0.364815712890625,87.75,0.6387368113994598,78.96
38,0.35552247320175173,88.174,0.6086224370956421,80.28,0.3672550816917419,87.694,0.8558500082015991,73.87
39,0.36096751163482665,87.974,0.606507534122467,79.88,0.35798360790252687,88.032,0.7527833191394806,76.58
40,0.3464556516838074,88.562,0.7614436568260193,75.95,0.3700191925907135,87.662,0.6675540494441986,77.81
41,0.3466327132320404,88.386,0.5295077503681183,82.73,0.3634358674621582,87.778,1.0366852414131165,70.61
42,0.34867993319511414,88.39,0.6351739587783813,79.28,0.35606381439208984,88.062,0.6480394263744355,78.5
43,0.3475008411693573,88.396,0.7443241176605224,76.6,0.3567710331439972,88.202,0.7396500610351563,76.97
44,0.35030443548202517,88.218,0.6026994283437729,80.04,0.3503547114467621,88.276,0.7690332264184951,75.99
45,0.3349280370903015,88.932,0.7414571190357209,77.34,0.3514443756866455,88.332,0.5792991721868515,81.62
46,0.33215062317848204,88.866,0.48320023331642153,83.87,0.34555011756896975,88.388,0.5373429096221923,82.35
47,0.34228822757720945,88.544,0.880021576499939,72.41,0.3432633296775818,88.732,0.6428257982254029,79.05
48,0.337766473197937,88.85,0.6897916656494141,77.83,0.3459009287929535,88.594,0.4887374825000763,84.05
49,0.33466979187965396,88.94,0.8277921430110932,76.48,0.3371078164863586,88.566,0.7538700951099395,76.5
50,0.32746801754951477,89.13,0.47995758404731753,84.61,0.34105407064437865,88.588,0.5702923959255218,81.61
51,0.32687601531982424,89.18,0.7006208789348602,77.06,0.3370830818271637,88.78,0.9851528105735778,70.58
52,0.3349297563838959,88.87,0.6117129292488098,80.06,0.3406919060707092,88.61,0.4864862889528275,83.2
53,0.32496633944511416,89.084,0.6068805434942246,80.49,0.33837428511619566,88.726,0.7067595970153808,78.07
54,0.32015022025108336,89.424,0.6212046038627624,80.12,0.34025387862205503,88.734,0.6186946582317352,80.01
55,0.31939392743110656,89.366,0.5854988106012344,81.65,0.33591543769836424,88.728,0.4715737410545349,84.29
56,0.3257999771881104,89.08,0.5116201555490494,83.15,0.3393246312904358,88.7,0.5390442829608917,82.05
57,0.3188477721405029,89.396,0.5084577290058137,83.23,0.3278076330280304,88.944,0.4550691207647324,84.91
58,0.31734765687942507,89.322,0.7014391273975372,77.02,0.33058820402145384,89.102,0.5033989071130752,83.28
59,0.3179495497703552,89.51,0.9435090095520019,72.61,0.328972312374115,89.168,0.6740459277391434,78.03
60,0.31764380568504336,89.412,0.8491547487258911,75.13,0.32775975224494935,89.198,0.5219774461269379,82.6
61,0.3202049690818787,89.466,0.7475565319061279,76.57,0.3281660369300842,89.072,0.47358851816654207,84.71
62,0.3190764457702637,89.508,0.5616459294319153,82.21,0.32877038069725034,89.046,0.6115789148807526,80.51
63,0.3065127117443085,89.846,0.647489238166809,79.78,0.32438482400894164,89.218,0.6423881975889206,79.62
64,0.31771504823684693,89.402,0.5282788588285446,82.28,0.32263736702919005,89.32,0.4261818251132965,85.92
65,0.31218124364852906,89.554,0.6377239709377289,79.41,0.3217001146888733,89.258,0.5136095472335815,82.74
66,0.31733213850021363,89.598,0.5301720959424973,82.84,0.32346818952560424,89.15,0.5540170339107513,81.54
67,0.3120580741024017,89.484,0.5139927210092544,83.19,0.3258367979335785,89.168,0.5838520021915435,81.45
68,0.3006258630943298,90.004,0.42455885848999025,85.56,0.3137191162967682,89.658,0.6236526555538178,80.66
69,0.3041998790645599,89.866,0.6609904078006744,78.7,0.3151604044532776,89.512,0.6510593643426895,78.87
70,0.3073129682254791,89.764,0.674691006565094,79.0,0.31736072383880615,89.468,0.7838518078804017,75.04
71,0.31082071219444274,89.754,0.5378872901678086,83.03,0.31252443890571596,89.662,0.5192741523265839,82.91
72,0.3011383000278473,89.994,0.5542742923259735,82.24,0.31878359870910644,89.37,0.6635996109962463,77.98
73,0.30415274822235105,89.826,0.4582233366250992,84.95,0.31238508242607116,89.536,0.5003099455833435,84.12
74,0.3017355510902405,90.032,0.6550440825223923,80.47,0.3145339070034027,89.504,0.5477891965150833,82.42
75,0.2992734405136108,90.028,0.5981446870326996,80.81,0.310022670545578,89.67,0.5948573175430298,80.3
76,0.2973197992515564,90.164,0.5607734469413758,81.3,0.3098156290006638,89.744,0.5036112441778183,83.5
77,0.2986405284881592,90.248,0.4915378355503082,84.04,0.3080408503437042,89.802,0.5617380749702454,81.69
78,0.29939290451049805,90.0,0.6777541465997696,78.7,0.3082660892963409,89.902,0.8189475266933441,74.24
79,0.2970487936115265,90.204,0.7966055044651031,75.25,0.31306623165130615,89.57,0.5995015820503234,80.77
80,0.2913178449058533,90.382,0.7389784137248993,77.65,0.3034480928993225,89.922,0.5858804548740387,81.75
81,0.2985569424533844,90.02,0.4331453420639038,85.89,0.3059790745353699,89.914,0.4690857654809952,84.1
82,0.2970278611278534,90.232,0.45124546818733213,85.08,0.3040701396560669,89.926,0.5178527163982392,83.05
83,0.30000528895378115,90.054,0.50522218542099,83.23,0.30574732423782347,90.01,0.5176717914819717,83.11
84,0.29667002069473264,90.236,0.5119596240520478,82.98,0.3103389254951477,89.65,0.4676009614467621,84.25
85,0.28888889751434327,90.262,0.7251814172267914,78.37,0.3052092558097839,89.932,0.5031984426021576,83.6
86,0.2906961142063141,90.322,0.6752629044532776,78.96,0.3068678540992737,89.738,0.5038539283275604,83.61
87,0.28748648391246795,90.454,0.6704061873912811,78.12,0.2969065233421326,90.138,0.7311670711994172,77.48
88,0.28881397762298583,90.444,0.45771556684970854,84.38,0.30778136949539187,89.768,0.4766246577262878,84.7
89,0.2877415377998352,90.508,0.45521274821758273,85.2,0.3084740400981903,89.666,0.6744665407299996,79.62
90,0.2904848239135742,90.304,0.6127789517879486,80.24,0.3014641250038147,89.93,0.4889333880186081,84.19
91,0.2861982323265076,90.338,0.5889285887241363,81.71,0.2994606398010254,90.16,0.5343452682971954,83.28
92,0.28621586071014404,90.46,0.438240988111496,85.53,0.29212395133018493,90.374,0.4499155394077301,84.91
93,0.27878074190139773,90.792,0.5786419575452805,81.95,0.30132398447036746,90.072,0.7091092433452606,77.51
94,0.2901640864944458,90.288,0.4779681795239449,84.42,0.2939695138931274,90.182,0.5275079771518707,82.86
95,0.2871152119636536,90.54,0.6269105613708497,80.54,0.30041225918769837,90.058,0.5279449425935745,82.7
96,0.28204673296928406,90.604,0.6552010711431503,80.28,0.30305141286849974,89.944,0.49035758872032165,83.6
97,0.2884337951087952,90.446,0.5150506510734558,83.31,0.29242835596084593,90.25,0.4892603167772293,84.09
98,0.2831084722042084,90.612,0.6644211293697357,79.71,0.2923171612071991,90.4,0.5503997515439987,82.59
99,0.2790585443544388,90.764,0.6552765310287476,79.76,0.2942176058673859,90.246,0.581174831032753,81.96
100,0.2762743824672699,90.804,0.6117179336071015,80.38,0.29623881733894347,90.09,0.5163728548526764,83.15
101,0.28321431315898893,90.644,0.5060937222957611,83.31,0.2966163278198242,90.032,0.6002043969988823,80.58
102,0.28133005843162534,90.686,0.5819818013906479,82.17,0.28873108299255373,90.548,0.44827145265042784,85.45
103,0.27974460994720457,90.646,0.4995389490842819,83.63,0.2880054668426514,90.456,0.5886854739904404,80.06
104,0.27774877069473264,90.774,0.5996908346176147,80.61,0.2887223105049133,90.586,0.5381654588222504,82.69
105,0.2741133201408386,90.888,0.40203814438581464,86.68,0.29309558824539184,90.178,0.6326867238521576,79.23
106,0.2775863520622253,90.956,0.6254081671237945,80.26,0.29199048036575315,90.41,0.6114543230056763,80.52
107,0.27645698789596557,90.844,0.5854005578756333,81.22,0.28767586126327516,90.346,0.5438012125492095,82.4
108,0.27480496751785277,90.932,0.5120903959274292,82.91,0.29045769025802615,90.374,0.534729123044014,82.38
109,0.2736296914100647,90.914,0.7985716149806976,76.64,0.2929619059562683,90.274,0.5369227948904037,82.37
110,0.2757227449607849,90.898,0.5995215689897537,80.09,0.2876075672340393,90.432,0.46941563074588777,84.8
111,0.276616537733078,90.96,0.5190175745964051,83.17,0.2850271124076843,90.512,0.5828827078819275,81.04
112,0.2732044140720367,91.024,0.5041939108371735,83.45,0.28567663863658904,90.408,0.5637899984836579,81.74
113,0.2738291640281677,90.888,0.4900639315128326,84.14,0.2848571219873428,90.604,0.41398299057483673,86.4
114,0.2695544209384918,91.21,0.4320863168001175,85.98,0.28057160520553587,90.742,0.4462997840166092,85.31
115,0.2721595454788208,90.814,0.42335925843715666,85.93,0.2853298183631897,90.536,0.5072880016326904,82.99
116,0.26899133696556093,91.132,0.5806578984737396,81.21,0.28429417694091796,90.554,0.4424993636608124,85.48
117,0.26917793146133423,91.042,0.4208541636943817,86.17,0.2850071441555023,90.584,0.4830364071130753,84.22
118,0.2628274235534668,91.358,0.5439693934679032,82.14,0.28279750074386595,90.634,0.5756444274902344,81.33
119,0.2713221011638641,91.052,0.5431926253557205,82.53,0.2804147575569153,90.766,0.5653391750574112,82.42
120,0.2693366125535965,91.05,0.548259710597992,82.36,0.2835116429901123,90.622,0.40429690380096434,86.54
121,0.2609072924900055,91.346,0.3859328395962715,87.45,0.2814373648262024,90.714,0.6555582233905792,78.95
122,0.26245922228813173,91.396,0.4532264108419418,85.48,0.2771544523048401,90.872,0.4528216042518616,84.79
123,0.26253667559623717,91.44,0.5938326025247573,81.47,0.27986987152099607,90.81,0.5029230885505677,83.33
124,0.25994214455604553,91.392,0.9053540586948394,74.58,0.28571439413070676,90.502,0.5294525243759155,82.85
125,0.2686903021812439,91.036,0.5646856634378433,82.28,0.2829322330474853,90.796,0.4557211318492889,85.13
126,0.26838579463005063,91.168,0.49240819101333616,84.01,0.27038902151107785,91.102,0.5531563430309295,82.48
127,0.26395852164268496,91.196,0.5039806916713715,84.1,0.27795396533966066,90.886,0.4369679772853851,85.58
128,0.2673169435787201,91.138,0.4950236927270889,84.31,0.2760498717689514,90.93,0.48987738463878633,84.31
129,0.25598626459121704,91.504,0.4432857003927231,85.17,0.2759088588809967,90.936,0.5959040789604187,81.33
130,0.26235586053848264,91.208,0.6144931067466736,79.66,0.2715032070350647,91.106,0.49108860430717466,84.63
131,0.2609150755119324,91.294,0.45791592543125154,85.08,0.28048865653038024,90.702,0.5567296546936035,82.19
132,0.25823013391494753,91.46,0.47778365206718443,84.54,0.2781386243724823,90.758,0.44826341179609297,85.16
133,0.25573065850257876,91.598,0.6085300298929215,80.61,0.27401173102378845,91.05,0.44345516464710233,85.45
134,0.2610584055137634,91.392,0.44307555818557737,85.29,0.2720143436431885,91.05,0.5244207757472992,83.02
135,0.2594317319536209,91.362,0.6751415678024292,78.75,0.2669126784896851,91.236,0.6089374606609345,81.29
136,0.26239866181373595,91.31,0.42726312243938447,86.1,0.2734639025878906,90.892,0.46228190286159515,84.91
137,0.2568938129425049,91.612,0.4535615446329117,85.28,0.2728856744194031,90.974,0.4723100506424904,84.75
138,0.2597123979616165,91.404,0.43697992660999296,85.37,0.26835827506542204,91.134,0.7460121108531952,76.72
139,0.26079627069473266,91.358,0.4898811214923859,83.64,0.2673007215356827,91.226,0.48362999923229216,84.23
140,0.25717747329711915,91.48,0.640384808754921,80.28,0.26565268545150755,91.232,0.45135965651869775,85.06
141,0.25358117875099184,91.73,0.4033530704140663,87.17,0.2767797506904602,90.81,0.48489181060791015,84.16
142,0.2553609172153473,91.596,0.5151395492315293,83.6,0.2727722100734711,91.0,0.3984022798538208,86.53
143,0.25621869565963745,91.496,0.5081075455665588,83.87,0.2645289828824997,91.202,0.46058925021886826,84.93
144,0.25370806524276734,91.654,0.48814195103645325,84.49,0.26312861534118653,91.382,0.4909395047426224,84.22
145,0.2526308107805252,91.73,0.4486059165000916,85.53,0.26524453738689424,91.278,0.5353063746213913,82.42
146,0.24995689668655396,91.74,0.4729456303358078,85.02,0.26842682235717774,91.028,0.464976354598999,84.61
147,0.24405015386581422,92.0,0.6104726342201233,81.39,0.26746481904029845,91.034,0.5033445428848267,83.94
148,0.24965044840812683,91.788,0.4228960478067398,86.1,0.2623445224952698,91.302,0.4087807765722275,86.56
149,0.2527266251373291,91.684,0.4742628118395805,84.34,0.26028806415081024,91.364,0.6307948333740234,79.58
150,0.24804690282821656,91.734,0.4603484363555908,85.26,0.26353133001327517,91.22,0.4228911359429359,85.89
151,0.24604572024822235,91.98,0.47060348725318907,84.57,0.26236548127174375,91.386,0.5339153620243072,83.48
152,0.24810475883483887,91.712,0.4427909270763397,85.94,0.2604201768779755,91.456,0.4575373646378517,85.1
153,0.24814699905395507,91.764,0.5283873330831528,83.26,0.25533650030136107,91.666,0.5023221851587295,83.48
154,0.24375881495475768,91.966,0.4490084183096886,85.33,0.26023622968673704,91.496,0.5863623208522797,81.0
155,0.2520401199531555,91.656,0.44640838367938995,85.44,0.26066479977607726,91.33,0.41424538487195967,86.36
156,0.2476210853099823,91.8,0.6808564041376114,79.39,0.2636433942604065,91.318,0.4836303033590317,83.86
157,0.24010753605365753,92.16,0.5206936729907989,83.55,0.25963358196258546,91.442,0.453323180770874,85.01
158,0.2457998496723175,91.856,0.550004573726654,82.97,0.2600405428981781,91.38,0.6015333363771439,81.47
159,0.24399851974487305,91.96,0.4231079893469811,86.09,0.2629832701683044,91.232,0.5236374341011047,83.35
160,0.2393694289112091,92.008,0.5804741246700287,81.3,0.25121960964202883,91.722,0.4191593961238861,85.88
161,0.23871605195999146,92.15,0.41242228964567185,86.96,0.2576905519199371,91.512,0.48789503890275954,83.91
162,0.24252978378295897,92.134,0.4491702871799469,85.61,0.24941899666786194,91.772,0.5440928990364075,82.97
163,0.24658471673965454,91.844,0.5693249147176742,83.01,0.2581136405611038,91.474,0.4355380133032799,85.89
164,0.23608563554763795,92.226,0.48938613867759706,84.07,0.25457634932518003,91.634,0.46744451694488526,85.25
165,0.24655217510700225,91.826,0.45912049531936644,84.75,0.2526043723869324,91.682,0.5019657704353333,84.42
166,0.23881020215511323,92.08,0.3893530257701874,87.25,0.2512178556728363,91.676,0.44044158380627635,86.1
167,0.2413571645259857,92.042,0.4607751427412033,84.64,0.24890553433418275,91.77,0.4117487669467926,86.24
168,0.23612511017799379,92.156,0.525440679860115,83.43,0.25290160775184634,91.654,0.4757279702425003,85.07
169,0.23664655292987824,92.138,0.4130991657614708,86.4,0.24814943748474122,91.844,0.5317309646129608,83.13
170,0.23643087948799132,92.208,0.41626274353265763,86.74,0.251348368434906,91.62,0.40202487235069273,86.77
171,0.2354622103023529,92.168,0.4566311022758484,85.07,0.2487667969417572,91.828,0.4786800513744354,84.94
172,0.23313210359573364,92.356,0.5818000934839249,81.83,0.2511109338569641,91.66,0.46104419264793395,84.94
173,0.23168647141456605,92.264,0.4404890315532684,85.97,0.2461825688266754,91.866,0.43597913624048235,85.94
174,0.2363532442808151,92.252,0.5863298205137253,81.5,0.2512902527999878,91.67,0.493224870634079,84.47
175,0.2386353234767914,92.292,0.5174237144947051,83.47,0.251442361779213,91.688,0.4434377224802971,85.81
176,0.23180173104286195,92.324,0.7444106755256653,78.0,0.2408718160200119,92.08,0.5780486970901489,81.8
177,0.23527525730133056,92.118,0.5997146453857422,81.67,0.24402097330093384,92.058,0.5590231398820877,82.44
178,0.23210100114822388,92.376,0.3530581786632538,88.43,0.24626222470283507,91.86,0.5744907148838043,81.88
179,0.22729216876983643,92.49,0.3876940803050995,87.1,0.24226267619132996,92.094,0.43128133759498594,85.56
180,0.23214991532325743,92.364,0.42647985508441927,86.27,0.24578436672210693,91.912,0.3777879795432091,87.91
181,0.23164785369873048,92.35,0.5161214776515961,83.77,0.24476885280132293,91.914,0.5434652994394302,82.79
182,0.22357305400371552,92.712,0.41485897421836854,86.57,0.23603008102416992,92.288,0.5775583414316178,81.82
183,0.22745112385749816,92.436,0.4851037904381752,85.01,0.24842905630588533,91.916,0.4420401777982712,86.21
184,0.22539025268554688,92.61,0.594919590473175,81.32,0.24385065743923187,92.016,0.5449096384048462,82.21
185,0.22926475163459778,92.49,0.3851349758505821,87.45,0.23605049319267274,92.364,0.47841560022830965,84.99
186,0.22322868132591248,92.634,0.45544182773828507,84.97,0.23911035490036012,92.122,0.5809126022815705,82.43
187,0.2273970649433136,92.522,0.4334299419403076,85.91,0.2402668271827698,92.086,0.5361303722143174,82.97
188,0.22781704468250275,92.476,0.551261615729332,82.74,0.23502684248924255,92.296,0.4670381513834,84.68
189,0.2205140525484085,92.722,0.49900535081624986,84.55,0.23817002878189086,92.154,0.43210119132995606,86.17
190,0.22320704067707062,92.584,0.4137991085529327,86.62,0.23445291095733642,92.252,0.5030861929893493,84.29
191,0.2193464620399475,92.86,0.4077509011209011,86.53,0.23532538749694823,92.342,0.492664476954937,84.49
192,0.22235478892803193,92.8,0.4937524994969368,84.35,0.24332742832183837,92.072,0.4179728024840355,86.66
193,0.2201325078344345,92.748,0.38064847840070726,87.83,0.2420326869869232,91.998,0.44499710521698,85.64
194,0.21725280296325683,92.858,0.3989758205443621,87.33,0.23285886161804198,92.32,0.4118311512231827,86.73
195,0.22856984862327576,92.414,0.5571241694808007,82.04,0.23579760149002074,92.318,0.5330554689407349,83.04
196,0.22237819146156312,92.758,0.4736139853239059,85.13,0.23381108427047728,92.388,0.5633168467998505,82.32
197,0.22194882091522217,92.8,0.4131789980173111,86.77,0.23371774909019472,92.336,0.42827789211273193,86.54
198,0.21794612296581267,92.852,0.3895530052661896,87.28,0.23753419610977172,92.164,0.42348170816898345,86.48
199,0.2185871087169647,92.872,0.4552325258255005,85.59,0.22385865808963776,92.704,0.4771272968173027,84.98
200,0.21763822058677673,92.842,0.4214022509932518,86.77,0.23298329078674315,92.35,0.5651908694028854,82.13
201,0.2166174923658371,92.96,0.44422559465765954,85.62,0.23347147881507874,92.324,0.41148205904960633,86.96
202,0.21248607773780823,93.008,0.41478959033489227,86.7,0.22991837527275086,92.484,0.3822498810648918,87.53
203,0.2171321414732933,92.83,0.3749306493997574,87.7,0.22391749402999878,92.702,0.43807732121944426,86.11
204,0.21024385670661927,93.11,0.3195575773596764,89.83,0.23025767104148864,92.462,0.409094344329834,86.93
205,0.20729478093147277,93.198,0.5901718264818192,81.96,0.22711177897453308,92.616,0.4696227568626404,85.14
206,0.2087774159049988,93.166,0.5446952903032303,83.91,0.22925344325065614,92.516,0.5250871165990829,82.77
207,0.20768264692306518,93.13,0.5133772733688354,83.44,0.22516909099578858,92.52,0.5082143048524856,84.47
208,0.218034327044487,92.936,0.36876025661826134,88.16,0.21680826219558716,92.954,0.4396536239862442,85.97
209,0.20873245048522948,93.066,0.4338295258998871,86.05,0.23205634900093078,92.284,0.5614946073293686,82.8
210,0.20681836055755615,93.246,0.49396559722423555,83.91,0.21915646906852723,92.746,0.43855889816284177,85.8
211,0.20751145100593568,93.152,0.39108496607542037,87.81,0.2297948711013794,92.424,0.3915740518569946,87.33
212,0.20709632296562194,93.214,0.47529324142932894,85.13,0.2153626908683777,93.01,0.41980524471998215,86.84
213,0.2061921174144745,93.196,0.41506694405078887,86.87,0.21950312321186066,92.862,0.5218821492195129,83.63
214,0.2111847612762451,92.97,0.40208363225460053,86.54,0.2238497495174408,92.532,0.505343509221077,83.9
215,0.20513552278518676,93.302,0.3585283455848694,88.35,0.21851652111053466,92.812,0.5091359026670456,84.19
216,0.20200895400524138,93.454,0.39469309124946594,87.35,0.21407652250289916,93.0,0.34961230273246763,88.25
217,0.20147669987678526,93.398,0.4866084550976753,85.23,0.22186593976020813,92.762,0.4199305247306824,86.4
218,0.20085621695518494,93.342,0.4254417546033859,86.3,0.21652719594955444,92.996,0.47377769973278044,85.51
219,0.19897208755493165,93.468,0.40496372895240784,86.62,0.2198430237722397,92.854,0.383895110309124,87.68
220,0.20261853951931,93.28,0.5808972858428955,82.53,0.2130115156841278,92.98,0.5256845937013626,83.43
221,0.2006065144443512,93.424,0.42805269562006,86.33,0.21847106902599334,92.722,0.4343139612197876,86.08
222,0.19552172716140748,93.578,0.4366917834043503,86.21,0.20976005178451537,93.098,0.4586301123559475,85.4
223,0.19847082787513734,93.54,0.5098518182277679,84.07,0.2202163708591461,92.778,0.4153888420462608,86.9
224,0.20340505751609803,93.346,0.5334549817085266,83.52,0.21636155428886414,92.842,0.37381364399194716,88.17
225,0.19583127872943878,93.632,0.38016147034168246,87.28,0.2107557675266266,93.14,0.45354732265472414,85.58
226,0.20012240013599394,93.414,0.4499942708134651,85.71,0.21015296982765197,93.088,0.470916121172905,85.02
227,0.19116806445121765,93.816,0.3731421306371689,87.79,0.21038803889751434,93.084,0.4503461509346962,85.86
228,0.1965285869407654,93.638,0.5748546086788178,81.84,0.21004049702644348,93.138,0.38773301006555555,87.13
229,0.1982253841304779,93.536,0.3329763202488422,89.55,0.20630604404449462,93.342,0.48936633611917496,84.71
230,0.19355457803726198,93.744,0.4461694874167442,85.86,0.20790217977523803,93.218,0.5167839306950569,83.64
231,0.1941746621131897,93.692,0.3448760047733784,88.75,0.20708287964820862,93.246,0.5131720890760422,83.96
232,0.19604264843940736,93.614,0.42891093940734865,86.65,0.20748116256713867,93.172,0.4894302424073219,84.59
233,0.18932585735321045,93.822,0.3646578687906265,88.3,0.203293716006279,93.432,0.4625201001048088,85.34
234,0.19762246708869935,93.612,0.4965702509880066,84.51,0.2060344815969467,93.298,0.45504808022975923,85.76
235,0.18575060070991517,93.878,0.4128965057015419,87.18,0.20604956701278687,93.31,0.4429298782110214,86.07
236,0.18880419360160827,93.868,0.4671871354103088,85.34,0.20383543132305146,93.27,0.5095149257779121,84.26
237,0.1879567307639122,93.924,0.5122590779781342,83.8,0.20640809902191162,93.332,0.4363595568418503,86.24
238,0.1858259961104393,93.994,0.48684154109954836,85.5,0.1985532055568695,93.488,0.41537760052680966,86.72
239,0.18983589921951294,93.846,0.49705755710601807,84.38,0.1996427611398697,93.576,0.4408011441707611,85.88
240,0.18597730355262757,93.97,0.33996421098709106,88.92,0.20029752543449403,93.664,0.36319706292152404,88.32
241,0.18204659755706787,94.07,0.3965697540163994,87.68,0.19469338431358338,93.78,0.40608044387102127,86.91
242,0.1802115946483612,94.01,0.3510780294895172,88.59,0.20206261145591736,93.318,0.41317489416599273,87.3
243,0.18670680718898774,93.848,0.36888850885629654,88.17,0.19802010603904724,93.572,0.4595740481376648,85.35
244,0.18691584642410278,93.814,0.4638120891094208,85.46,0.1966565794467926,93.588,0.40388902220726014,86.93
245,0.17989437973976136,94.268,0.47195006545782087,85.88,0.19682297254562378,93.512,0.4048172450423241,87.37
246,0.18477218579769134,93.994,0.44801743967533114,86.24,0.2001846430683136,93.558,0.3609956478834152,88.23
247,0.182543031539917,94.006,0.4076717720627785,87.09,0.19499210789203644,93.8,0.4510347597360611,86.08
248,0.17791540800571443,94.264,0.3705062222123146,88.58,0.19117482803344726,93.88,0.4013201339006424,87.52
249,0.18233016957759857,94.012,0.6076835032463074,82.2,0.1900483063364029,93.892,0.4640714748859405,85.79
250,0.17440920198440552,94.364,0.34970999401807784,88.94,0.19125639479637147,93.856,0.46830523217916487,85.7
251,0.1757759635591507,94.354,0.4189268647193909,86.78,0.19237608445167542,93.792,0.6370272489309311,80.43
252,0.1774212705373764,94.174,0.34775437754392624,88.89,0.19644358545303345,93.542,0.45936550694704054,84.98
253,0.17277930128097535,94.386,0.4525336694955826,86.19,0.19059474210262298,93.778,0.5384646360635758,83.43
254,0.16909577313423158,94.448,0.3973832835078239,87.44,0.18664096333503724,93.93,0.3068544731974602,89.61
255,0.17819035360336305,94.218,0.37881065960228444,88.07,0.1904566558408737,93.84,0.42555706868171694,86.32
256,0.1780757980442047,93.99,0.4898574089646339,84.74,0.18567935856342316,93.914,0.36702317056655887,88.35
257,0.17101494792938232,94.458,0.5124549842357635,84.69,0.18751525184631349,93.888,0.3517146323919296,88.84
258,0.17515605778217316,94.224,0.494760895717144,84.61,0.18582826457500456,93.982,0.36842421125769614,88.46
259,0.17082023631572724,94.434,0.3352699788272381,89.2,0.18248937881469726,94.098,0.5266838249921799,83.48
260,0.1658117761516571,94.616,0.33084503308534624,89.81,0.18127400620937348,94.076,0.40888945477604866,86.97
261,0.16704696537971497,94.578,0.3093886718094349,90.08,0.18121787434101105,94.078,0.3771808375954628,87.86
262,0.16931119388103485,94.48,0.4718525402665138,85.69,0.18215085309028625,94.14,0.41011541291475295,87.18
263,0.16763806513786317,94.572,0.41608601705431936,86.9,0.17712246954917907,94.324,0.3663440764188767,88.5
264,0.166129609375,94.588,0.4241360515475273,86.99,0.18261086053848266,94.106,0.37372554829120636,87.99
265,0.1656109860420227,94.66,0.3447247395992279,89.13,0.18304556462287902,93.978,0.49585458507537844,84.38
266,0.16361608801841737,94.702,0.42307207098007205,87.07,0.17781149724006654,94.226,0.39555623390674594,87.67
267,0.16234544956684113,94.716,0.394884624171257,87.53,0.1803142123889923,94.202,0.3607544484376907,88.26
268,0.16078408272504807,94.748,0.35706550167798995,88.86,0.1765753345298767,94.266,0.4783859013080597,84.87
269,0.1578970850276947,94.986,0.4231670026063919,87.02,0.1772302450466156,94.232,0.4018618255138397,87.58
270,0.16627869807243348,94.656,0.5392058405637741,84.07,0.17308964483261108,94.364,0.44199513915777205,86.29
271,0.1610739556789398,94.77,0.3858153857946396,87.57,0.17909373706817627,94.198,0.450899076628685,85.78
272,0.1585355857563019,94.9,0.3890302876353264,87.8,0.17341403477191925,94.474,0.3633885018646717,87.94
273,0.16421078226566316,94.686,0.44109869215488434,86.57,0.16784646178722382,94.534,0.45850338361263276,86.04
274,0.1546470729827881,95.072,0.3252286677479744,89.76,0.1690641468644142,94.51,0.33171657170057295,89.58
275,0.1537415638446808,95.094,0.4139337277173996,87.32,0.17007005612373352,94.54,0.4064190886974335,87.12
276,0.15992421359539033,94.836,0.3800569197535515,88.25,0.16945214992761612,94.604,0.37799597071409224,88.17
277,0.15760415546894074,94.816,0.33421720569729807,89.41,0.16971768494606018,94.498,0.41768808522224427,87.0
278,0.15747907096385955,94.926,0.37353318439126015,88.46,0.16570383122444152,94.728,0.3223977974295616,89.86
279,0.15187307003974915,95.118,0.4456181433081627,86.61,0.1728007758140564,94.358,0.36866655200719833,88.51
280,0.15043119591712953,95.108,0.356428901219368,89.44,0.16695250082015992,94.524,0.43206727700829506,87.23
281,0.15421210915088654,94.898,0.34774348686933515,89.19,0.1670249750328064,94.604,0.4741941328525543,84.74
282,0.15109042779445647,95.074,0.35967963273227216,88.58,0.16705935611724854,94.514,0.36076620820760724,88.57
283,0.1501833456659317,95.034,0.4444829006493092,87.06,0.16208402696609497,94.852,0.40287016139030457,87.64
284,0.1492084754371643,95.068,0.45740431497097017,85.87,0.16722399075508118,94.632,0.384415521222353,87.63
285,0.1490797617816925,95.168,0.419898707652092,86.8,0.15977271276473998,94.774,0.34462671435773373,89.35
286,0.14568685841560364,95.31,0.36814723066091537,88.75,0.1641922924375534,94.744,0.3515243223786354,88.75
287,0.14582635140419006,95.248,0.3753335929453373,88.56,0.15469921179771423,95.042,0.3783289646267891,88.17
288,0.14402324810028075,95.392,0.3460390911221504,89.29,0.16428060589790344,94.684,0.3954184123516083,87.58
289,0.14670501695871352,95.27,0.42641036346554756,86.89,0.15468661175251008,95.098,0.378896682959795,88.21
290,0.14080352161884307,95.474,0.36131975664496424,88.83,0.15533704297065734,95.034,0.40398508177995684,87.21
291,0.14241639972925185,95.342,0.3295366750359535,89.87,0.15789562705039978,94.924,0.39749068259596826,87.99
292,0.13542958633422852,95.73,0.4240426334142685,87.37,0.15354421646595,95.084,0.3953255649745464,88.13
293,0.14397238444805147,95.344,0.44436737468242643,86.41,0.1509420670080185,95.22,0.4003714624524117,87.53
294,0.1386886565589905,95.558,0.34763932781815526,89.22,0.1590377303647995,94.954,0.4016188125371933,87.84
295,0.13906674760818483,95.54,0.41250094242095947,87.77,0.14929079436779022,95.274,0.37507960467338564,88.23
296,0.14130175216674803,95.44,0.3445433420777321,89.61,0.15255816306114198,95.202,0.34509862639307975,89.36
297,0.14258502707481385,95.426,0.33793130497932433,89.56,0.14233767738819122,95.506,0.347667722260952,89.21
298,0.14568859175205232,95.366,0.36273717738986017,89.14,0.1507830813860893,95.13,0.39263321487903596,87.68
299,0.13538439965724944,95.66,0.4054580219864845,87.14,0.1502436066055298,95.178,0.36559314426183703,88.65
300,0.1277884880924225,95.966,0.5622333201527595,84.02,0.14740060966968535,95.318,0.33744702625870704,89.67
301,0.13875297359466554,95.524,0.34632359343767166,89.44,0.14870300218582153,95.234,0.3700997968375683,88.85
302,0.1351973883008957,95.556,0.34762586205005647,89.3,0.14774399916648864,95.346,0.3348295252203941,89.81
303,0.12855428009986877,95.924,0.3185827719509602,90.35,0.14637152192115785,95.306,0.4432764813184738,86.54
304,0.13430020974636078,95.592,0.5263956095576287,84.43,0.14780476340293885,95.28,0.3890342519044876,87.92
305,0.12816944382667542,95.984,0.37257785367965696,88.75,0.14151821555614472,95.442,0.3408251973748207,89.47
306,0.12545693954467774,95.962,0.32341900280714037,90.5,0.1423419844341278,95.49,0.312202437376976,90.21
307,0.12574819115638733,95.978,0.39428472058176994,88.28,0.1430928513145447,95.436,0.3610461059510708,89.11
308,0.12760069382190703,95.914,0.34445238904953,89.51,0.13975568541049957,95.51,0.4150033815383911,87.33
309,0.1287357843351364,95.908,0.37747218289375306,88.57,0.13777986332416534,95.548,0.3733617659151554,88.29
310,0.13212845293045045,95.696,0.39837013256549836,88.01,0.1358846032476425,95.628,0.3392068222761154,89.51
311,0.11918034691810608,96.242,0.3537573366224766,89.46,0.1382627770280838,95.644,0.35979580417871476,89.04
312,0.1241177661395073,95.994,0.3367944354712963,89.8,0.13154171940803527,95.92,0.3481029561281204,89.54
313,0.12210364338040351,96.116,0.35756148275136945,89.2,0.1391117109823227,95.56,0.38838690529465675,88.34
314,0.12143686717748642,96.13,0.319483055460453,90.51,0.13802632323265077,95.608,0.3049513652294874,90.53
315,0.12035753643035889,96.19,0.3801803873419762,88.9,0.13172951469421387,95.818,0.30706020982265475,90.73
316,0.11491653086662293,96.412,0.3499031721174717,89.22,0.13269621273994445,95.774,0.3674208026766777,88.65
317,0.11982411608219147,96.166,0.28787384988069536,91.07,0.13790028919458389,95.564,0.34212413868308067,89.79
318,0.11641655276298522,96.234,0.40771273238658906,87.84,0.12461165734291077,96.102,0.410389843416214,87.55
319,0.11883569093704224,96.212,0.3120176611930132,90.75,0.13386843168258666,95.716,0.4532215939760208,86.84
320,0.11870220095634461,96.236,0.4912278559267521,85.81,0.1283425469493866,95.982,0.40519903015196324,87.53
321,0.1145716101193428,96.4,0.4597645381331444,86.71,0.1303874245786667,95.896,0.3276218253970146,89.93
322,0.11471516516208649,96.358,0.3861961150527,88.49,0.12489125730991364,96.08,0.4039221336603165,87.98
323,0.11444874556064606,96.41,0.3725745900094509,89.34,0.12337097877502441,96.13,0.38259356788396837,88.28
324,0.11204008851051331,96.484,0.4423685800909996,87.06,0.12189413564205169,96.154,0.342459101241827,89.9
325,0.11490781876087189,96.416,0.3257284475415945,90.22,0.12287383612632752,96.122,0.35976019473075865,88.88
326,0.11073267021417618,96.536,0.29554132767915725,91.16,0.1278613080382347,96.034,0.30096404232382773,90.88
327,0.10214551923751831,96.774,0.33626514882445335,89.76,0.1188739071559906,96.194,0.42843109765052795,87.48
328,0.1082230549788475,96.576,0.3273402701377869,90.16,0.12141536102294923,96.104,0.31995150386095045,90.16
329,0.10770768167495727,96.582,0.3198698078900576,90.54,0.11828192633152008,96.31,0.32828091727495196,89.95
330,0.10959441404342651,96.516,0.35706674656271936,89.34,0.11624039420127869,96.332,0.3066842837691307,90.47
331,0.10360005854606628,96.72,0.3344687675386667,90.08,0.1186222476387024,96.212,0.3624858457237482,89.37
332,0.10402453370094299,96.764,0.2912045276522636,91.33,0.11219148047447204,96.498,0.39200465106368065,88.45
333,0.104180852394104,96.696,0.36037643612623216,89.37,0.11399765235900879,96.52,0.31488118015229705,90.16
334,0.10369753180980683,96.736,0.4036503059566021,88.32,0.11574809708356858,96.35,0.33655753541886807,89.68
335,0.10470234368801117,96.706,0.29834583341479304,91.09,0.11229559257030487,96.484,0.4214698816359043,87.59
336,0.10125569669723511,96.856,0.3362359971553087,90.01,0.11459295778751373,96.342,0.30483828241229055,90.28
337,0.10136811897754669,96.818,0.29271500726342203,91.05,0.10947697167396546,96.576,0.3133983910262585,90.91
338,0.09857335609436035,96.944,0.3304385579675436,89.93,0.11026304231643677,96.516,0.33772929544448854,89.84
339,0.09308746267199516,97.168,0.3461261678814888,90.13,0.10993497699856758,96.668,0.35649399021863937,89.75
340,0.09087157613277436,97.244,0.33299748721718786,90.07,0.10750299395561218,96.626,0.3778768641024828,89.22
341,0.09732127247810364,97.012,0.33496793760061266,90.39,0.10728499103784561,96.668,0.32936907764673234,90.27
342,0.09625500380277634,96.964,0.3145428582787514,90.77,0.10728040424346924,96.626,0.46196068847775457,86.44
343,0.09413592005729675,97.152,0.3495189973831177,90.16,0.10600443499565125,96.706,0.3103392241835594,90.75
344,0.09739057267189026,97.06,0.3083856453150511,90.89,0.10575814332723618,96.758,0.3096172935783863,91.08
345,0.09298773468017578,97.178,0.4095838027358055,88.65,0.10291934436798096,96.926,0.34313714111447335,90.15
346,0.08893893640041352,97.298,0.29679678710997104,91.11,0.09366969560623169,97.114,0.34053076783418657,90.03
347,0.0850403419971466,97.482,0.3123561963498592,90.85,0.10055394137859344,96.862,0.3210338918149471,90.63
348,0.08829009541511536,97.284,0.33592840378284455,90.44,0.10122605631351471,96.834,0.398497441393137,88.42
349,0.08987145073890686,97.218,0.3398016346499324,90.28,0.0965320349085331,97.034,0.32576943100094796,90.65
350,0.09066666801929474,97.232,0.32795869812965395,90.67,0.09643602679491044,97.102,0.3256236165046692,90.23
351,0.08909295451879501,97.314,0.3283691631257534,90.34,0.089553801779747,97.354,0.37232304337620736,89.09
352,0.08683274052143097,97.368,0.3407162659883499,89.99,0.09601102571964264,97.068,0.3283868087351322,90.49
353,0.07933455093860627,97.636,0.32496473929584024,90.37,0.09317059320449829,97.174,0.3001197835862637,91.38
354,0.08557069149017334,97.324,0.3436066710948944,89.91,0.09219901979923248,97.244,0.3315290040373802,90.37
355,0.08137518375396728,97.5,0.3787585611760616,89.15,0.0930189334845543,97.14,0.3179363240659237,90.78
356,0.08745594139933587,97.246,0.34098771123588084,90.19,0.09421926996707916,97.132,0.3049641038388014,91.04
357,0.07764420801639557,97.624,0.36172757915854453,89.76,0.09144672235488892,97.184,0.39729340579509737,88.6
358,0.07500419871807099,97.738,0.294157253664732,91.72,0.09591855981349945,97.036,0.32332589477598667,90.71
359,0.0799820593738556,97.626,0.3184322372481227,90.81,0.08581004412651062,97.378,0.320709233891964,90.72
360,0.07698116019010544,97.63,0.3078666009783745,91.2,0.09132141150951385,97.242,0.3185725699096918,90.69
361,0.07828785502433777,97.628,0.3414503041952848,90.5,0.08911123959541321,97.32,0.3401417537868023,90.08
362,0.07491752669811248,97.732,0.29071494617462157,91.87,0.08595153247356414,97.416,0.33654223064780237,90.08
363,0.07693652133703231,97.67,0.3229101021647453,90.86,0.08411588737726211,97.448,0.33652348153591155,90.12
364,0.06926760038614273,97.97,0.3128659073486924,91.05,0.08285230061531067,97.518,0.3325350036919117,90.43
365,0.07579211611747742,97.69,0.30100166014432905,91.37,0.08253592412471772,97.47,0.3736650008916855,89.47
366,0.06971893800735474,97.828,0.3548219934165478,90.07,0.08135776620864868,97.592,0.3160767967402935,90.81
367,0.06626972458362579,98.086,0.30709548602551223,91.38,0.08010756604194641,97.646,0.3392750609844923,90.49
368,0.07431069147109985,97.722,0.352438805270195,89.9,0.08228572052955628,97.506,0.37802114777565005,89.43
369,0.07160611394643783,97.854,0.31908685354590416,90.84,0.07945603542804718,97.602,0.32765862947702407,90.53
370,0.06494980803728104,98.064,0.3583336449086666,90.23,0.08244467633247375,97.538,0.3183653490126133,90.5
371,0.06864930099606514,97.992,0.28740501015782355,92.02,0.07643337597608567,97.702,0.34637259058654307,90.44
372,0.06645393058776855,97.978,0.31461444997340443,91.29,0.07549045336961746,97.786,0.33036517486572264,90.73
373,0.06758584027528763,97.956,0.35262474098205565,90.35,0.07115705631494522,97.894,0.344743620878458,90.24
374,0.0632617491531372,98.094,0.3505546443104744,90.29,0.07195487302303315,97.898,0.31649654577970504,91.14
375,0.06329391613483429,98.15,0.3623241995573044,89.97,0.0741081468629837,97.77,0.30750243375897407,91.08
376,0.06541619397163391,97.996,0.31388665621876716,91.16,0.0700243685233593,97.906,0.2856683810442686,91.56
377,0.057339297955036166,98.342,0.2940549361795187,91.81,0.06955573552370072,97.956,0.3413063847243786,90.04
378,0.0604742395067215,98.244,0.32990786224752666,91.18,0.06781342101097107,98.036,0.29779716557860375,91.53
379,0.06090248595237732,98.218,0.32731615935862063,91.12,0.06983251224994659,97.95,0.2718183156400919,92.11
380,0.060237394816875456,98.194,0.2939659960657358,91.99,0.06965676062464714,98.0,0.33793016643375157,90.56
381,0.0518964821267128,98.496,0.2934419438958168,92.05,0.06477695379734039,98.132,0.30831800786852837,91.24
382,0.056895558495521546,98.356,0.3009872322410345,91.96,0.06872428045272827,98.02,0.3741827971160412,89.43
383,0.055557118587493896,98.384,0.31330722866356375,91.39,0.06801856807947158,98.01,0.2663922697171569,92.23
384,0.057959638661146166,98.296,0.3344332502901554,90.99,0.06507814232826233,98.082,0.32127586877346037,91.04
385,0.0533787985599041,98.462,0.2883109302729368,92.33,0.06480879855155945,98.108,0.31663885973095895,91.34
386,0.05161598346948624,98.564,0.29814659291356804,91.91,0.06249567519903183,98.218,0.3419458734706044,90.55
387,0.053042845544815066,98.566,0.29908828993290665,91.79,0.06008022685050964,98.292,0.32266224895566703,91.04
388,0.05453074573516846,98.38,0.3479771457463503,90.3,0.058582305403351784,98.37,0.3015364683449268,91.8
389,0.0484078759264946,98.65,0.3332489385604858,91.23,0.05814038374900818,98.388,0.28566784045398236,92.04
390,0.0530846897816658,98.472,0.3360707437604666,91.15,0.05595153593540192,98.424,0.29034959313869474,92.12
391,0.05042557485818863,98.572,0.2809287723243237,92.43,0.05796344697952271,98.358,0.27938523212075234,92.19
392,0.046434014418125155,98.694,0.3157803169682622,91.57,0.05415301023364067,98.556,0.2830149967268109,92.16
393,0.046180341042876244,98.708,0.326947268410027,91.21,0.05405754588603973,98.532,0.28477117835879323,92.02
394,0.043971120030879975,98.804,0.2861008248701692,92.27,0.05338443987369537,98.574,0.3201562534987927,91.1
395,0.041800532913804055,98.892,0.3264264351502061,91.34,0.051215447735786436,98.606,0.2891804467648268,91.94
396,0.04309759074687958,98.788,0.3000561368137598,91.9,0.050898713722229004,98.642,0.27329172044992445,92.4
397,0.040722323632836344,98.944,0.29634604944586757,91.94,0.050236943373680114,98.64,0.29155702297985553,92.24
398,0.043104097907841206,98.842,0.28389303940832616,92.55,0.047459330677390096,98.71,0.2793079667687416,92.48
399,0.04004537694454193,98.986,0.3115586740925908,91.79,0.0451620238673687,98.786,0.3081945742368698,91.57
400,0.035098956075906754,99.172,0.2967014022424817,92.56,0.04619419202804565,98.778,0.2969298391133547,91.86
401,0.03749569004178047,99.068,0.29070347886383535,92.48,0.04594365721821785,98.84,0.30335505625605586,91.75
402,0.039536555581092835,98.966,0.29011629551202056,92.24,0.041792798676490786,98.934,0.30426249666810035,91.83
403,0.04028968526244164,98.92,0.2720774824604392,92.87,0.04208953931093216,98.93,0.29412864101082087,92.18
404,0.03410175776481628,99.14,0.2996329163864255,92.33,0.04488518879890442,98.824,0.2899153063327074,92.44
405,0.03577042109847069,99.082,0.27379382596462964,92.78,0.04218363200187683,98.908,0.2751877111196518,92.78
406,0.032587417657375335,99.18,0.2939187083184719,92.45,0.04528806634247303,98.786,0.25586971248537305,92.95
407,0.03637312797188759,99.084,0.3105065975099802,91.89,0.03973207037448883,98.994,0.2918351946860552,92.06
408,0.0326471730875969,99.222,0.2788194518506527,92.79,0.04080002935528755,98.962,0.2891978520199657,92.08
409,0.03432512643814087,99.14,0.2663969469830394,92.94,0.038360283176898956,99.036,0.2646301538825035,93.14
410,0.03232769750356674,99.206,0.2762221455693245,92.88,0.034126679073572155,99.208,0.28684010193496945,92.57
411,0.027624131699204444,99.384,0.266778568059206,93.0,0.03502797095537186,99.16,0.29877107453644275,92.32
412,0.03237945095300675,99.206,0.28097464540451766,92.75,0.03627911757230759,99.106,0.28237837167680263,92.4
413,0.028179098982810975,99.338,0.2925694017738104,92.56,0.03490835215091705,99.124,0.26390152999162675,93.21
414,0.02879403678417206,99.344,0.28426287227123975,92.81,0.03372359108269215,99.216,0.2830424907892942,92.8
415,0.02542808562397957,99.452,0.2669831438019872,93.32,0.03238334085702896,99.254,0.2912962848752737,92.21
416,0.024613381884098052,99.468,0.26155464679300783,93.53,0.032219267160594464,99.292,0.27219324161559344,92.98
417,0.027531176228523253,99.402,0.2661928793117404,93.29,0.029075139780044557,99.372,0.30960248346626756,92.17
418,0.025092835540771484,99.498,0.27519027865827084,92.97,0.031304444093704226,99.272,0.28915178039073947,92.53
419,0.02248187900364399,99.528,0.2937431596234441,92.76,0.02810187083721161,99.386,0.2480855613231659,93.53
420,0.01945731354355812,99.654,0.270984058354795,93.07,0.02966303026676178,99.334,0.28112182933539154,92.88
421,0.0234825637114048,99.496,0.2739793318912387,93.31,0.025159703206419946,99.468,0.27996912925690415,92.86
422,0.021771130893230437,99.542,0.2683509392559528,93.2,0.028113269205093383,99.382,0.27076155388355255,92.91
423,0.023722809295654297,99.51,0.2595735810831189,93.41,0.02846472513794899,99.368,0.2681262529656291,93.05
424,0.02424363885998726,99.51,0.3097083052933216,92.49,0.025480301818847657,99.476,0.278264305716753,92.72
425,0.02202084582746029,99.544,0.2675641695529222,93.26,0.02366645543038845,99.554,0.2617950674802065,93.46
426,0.02159672564148903,99.558,0.2956434892401099,92.65,0.023657562240362168,99.514,0.25485270307809116,93.6
427,0.019980123458504678,99.63,0.2948689141824842,92.77,0.024243140623569488,99.542,0.25158408514112235,93.58
428,0.017843478558063508,99.69,0.26119929482489823,93.47,0.019852242562174795,99.656,0.25996910246014593,93.5
429,0.01728790885746479,99.706,0.2607807851523161,93.7,0.01869274270772934,99.698,0.26270922162532806,93.19
430,0.016055819608569145,99.732,0.24997328944653271,93.93,0.021026419883966446,99.664,0.24062657082378863,93.78
431,0.014892093012332916,99.79,0.25521995316892865,93.78,0.019826729509830474,99.682,0.2523648033127189,93.63
432,0.014509436610341072,99.772,0.25183635186254977,93.77,0.019565104101896286,99.684,0.2564328180104494,93.72
433,0.015404927119016648,99.76,0.2628306318804622,93.55,0.017515435482859613,99.74,0.25853313840180636,93.64
434,0.013457701551616193,99.858,0.2589543614000082,93.81,0.017460956916809083,99.732,0.2509962185814977,93.78
435,0.013795846890807152,99.82,0.25460560635775326,93.82,0.018238569593727588,99.734,0.2632256672486663,93.59
436,0.013348784607350827,99.826,0.2617522488832474,93.76,0.01717755858451128,99.75,0.2614287818148732,93.61
437,0.012883477569818497,99.838,0.2493043741822243,93.91,0.01567647325575352,99.812,0.25374820499271156,93.75
438,0.01255077191144228,99.858,0.24677579437196254,94.17,0.016321006756424904,99.758,0.2478440997108817,93.89
439,0.01283305355489254,99.854,0.2491898617193103,93.92,0.015184105298519135,99.822,0.2525606996074319,93.95
440,0.011323401143252849,99.902,0.24553393720537425,94.05,0.01654313065648079,99.76,0.2507617088794708,93.95
441,0.011469450726509095,99.896,0.24656141849160193,94.29,0.01513265479683876,99.802,0.2449418014883995,94.09
442,0.011888248317837715,99.88,0.2566167264208198,93.99,0.014700136842131615,99.824,0.25021651434749365,93.89
443,0.011411704111099243,99.886,0.24899931327849625,94.12,0.014631605385541917,99.814,0.25054064360260964,93.77
444,0.011003751390576362,99.906,0.2417249833598733,94.26,0.015463121184110641,99.8,0.23794248669296503,94.12
445,0.010199419022202491,99.942,0.24883857804387807,94.16,0.012828493657708167,99.892,0.24571916250884532,94.15
446,0.010827746739387512,99.906,0.248475781083107,94.12,0.012824429692924022,99.892,0.24902468151301146,94.01
447,0.010356998275518418,99.94,0.2469105780914426,94.16,0.012134865591824055,99.916,0.24903289470076562,93.99
448,0.010420341846644879,99.92,0.24750849106907843,94.36,0.012073774884343148,99.902,0.2462870481148362,94.25
449,0.010292309496402741,99.932,0.25185066282600166,94.28,0.011537610012292861,99.93,0.24935715693086385,94.26
450,0.011405339242219925,99.888,0.2566937419638038,94.0,0.011921760379076003,99.9,0.23725740012973548,94.5
451,0.010993473977446556,99.91,0.25371431418955326,94.07,0.01155482469201088,99.908,0.24764065065532923,94.26
452,0.01076028723835945,99.91,0.24207326273620128,94.47,0.01143971952855587,99.93,0.24603696466833352,94.21
453,0.010459719352126121,99.918,0.24669890032559633,94.23,0.011138794957697392,99.948,0.23850532498657703,94.37
454,0.009663496658504009,99.96,0.24721823715269567,94.4,0.011193156178593636,99.924,0.2382152607679367,94.5
455,0.009257140592336654,99.95,0.24945915744006633,94.02,0.010825780342817306,99.94,0.2341542838603258,94.52
456,0.009079797093868256,99.956,0.24885935930013656,94.4,0.010767281943261623,99.948,0.2347019897595048,94.45
457,0.00912298579633236,99.954,0.24496600750088693,94.51,0.010779471049308776,99.952,0.2366591462686658,94.51
458,0.009090281382203103,99.952,0.25360688447207214,94.26,0.011163022600412369,99.944,0.23730980980098249,94.51
459,0.009086054745912552,99.954,0.24737949555814268,94.33,0.010596782668828963,99.954,0.23539371720552443,94.41
460,0.00903442315787077,99.956,0.24678114486336708,94.44,0.010377976042628289,99.966,0.2369687602519989,94.36
461,0.008839901064038277,99.98,0.24528192643672228,94.47,0.010754730284810067,99.938,0.23784477029293777,94.45
462,0.009090934643149376,99.958,0.24319881246984004,94.5,0.010156560798287391,99.964,0.2349811176598072,94.56
463,0.008342415793538093,99.982,0.24197089938372374,94.51,0.009919952434897423,99.97,0.24081271587312222,94.39
464,0.008438994497060776,99.986,0.243042113083601,94.45,0.010216312991976739,99.95,0.23890666409432887,94.51
465,0.008697794302105903,99.966,0.24212174117565155,94.56,0.010177954785823822,99.964,0.23753688312470914,94.57
466,0.00857707966864109,99.974,0.24150973370969295,94.49,0.01013141306579113,99.966,0.23544883586913348,94.53
467,0.008476691899001599,99.976,0.24394011982083322,94.36,0.009744395355582237,99.968,0.23625913690030576,94.38
468,0.008203898619413376,99.988,0.24176116089224817,94.4,0.009669375425875187,99.968,0.2352719562917948,94.63
469,0.008213732964992523,99.982,0.24298626598268747,94.55,0.009677352300286293,99.974,0.2366786655008793,94.59
470,0.008218481921553611,99.988,0.24092105897068977,94.5,0.009762545257806779,99.968,0.2380488074094057,94.64
471,0.008476142643690109,99.978,0.2444100700855255,94.6,0.00965473527610302,99.982,0.23619952465891839,94.55
472,0.008329589688181878,99.976,0.23945293864756823,94.53,0.009472736902236939,99.978,0.23941369434446097,94.47
473,0.008286106291413306,99.988,0.24064632524996996,94.55,0.009631122980713844,99.972,0.23947372003793715,94.57
474,0.008403106355071068,99.972,0.24285528058856726,94.5,0.009812508651912213,99.964,0.23598540913909674,94.6
475,0.00824409929484129,99.986,0.2432762738570571,94.46,0.009727532029151916,99.972,0.23949615734815596,94.53
476,0.008396242263317108,99.98,0.24055619052350521,94.56,0.009545446430444717,99.98,0.23492992265820503,94.74
477,0.00809425081551075,99.996,0.24450681360960005,94.46,0.009541910599470139,99.968,0.2407228242188692,94.61
478,0.008109684382677078,99.984,0.2409282246798277,94.51,0.009709313641786576,99.976,0.2363520475536585,94.56
479,0.00812696546971798,99.984,0.24265499555319547,94.6,0.00954351325303316,99.968,0.23958841341137885,94.56
480,0.007893955660462379,99.988,0.24057023348510265,94.6,0.009630934235453605,99.974,0.239195261721313,94.54
481,0.008030826511979103,99.988,0.24189685935080052,94.69,0.009519403920769692,99.978,0.23417756308615206,94.67
482,0.008187849197983741,99.978,0.2423085244089365,94.57,0.009314245859384536,99.984,0.23286339201182127,94.68
483,0.00831303283214569,99.984,0.24128934953659772,94.63,0.009433592652082443,99.98,0.23424356930702925,94.58
484,0.00812518966883421,99.986,0.2412168179795146,94.52,0.009257954406142235,99.984,0.2352636480152607,94.59
485,0.007993856055140495,99.992,0.24048133438527583,94.56,0.009321374769806863,99.982,0.23638796966671943,94.61
486,0.008103921620845795,99.984,0.24269493910223244,94.6,0.009522384970784187,99.972,0.23423114276975393,94.68
487,0.008230254243016244,99.976,0.23914844845086336,94.65,0.009610884228348732,99.974,0.2379011474058032,94.57
488,0.008181706725656986,99.984,0.24297765278369188,94.57,0.009110993267893792,99.986,0.23439849226921797,94.6
489,0.00785354099959135,99.986,0.23972126654982567,94.62,0.009293414039611817,99.986,0.23658454086333514,94.6
490,0.008025742136538028,99.988,0.23941356617212295,94.62,0.009185302778482438,99.986,0.2362145391345024,94.61
491,0.00785677449285984,99.996,0.24089361425489186,94.66,0.009337430526614189,99.982,0.2351202742740512,94.67
492,0.007952525248527527,99.994,0.24131193632334472,94.66,0.009300010623335839,99.986,0.2356596954420209,94.64
493,0.008076793371140957,99.992,0.24043904899656773,94.68,0.009240616499781609,99.988,0.23485656684339046,94.63
494,0.007934478538632392,99.984,0.24224592878669501,94.55,0.009373313468694687,99.978,0.23727247720509767,94.63
495,0.008121423357725144,99.986,0.23843992350697518,94.58,0.009346500351428986,99.978,0.23600446046590806,94.67
496,0.007921482649445534,99.988,0.2385959084138274,94.66,0.009294944963753224,99.986,0.23395820829421282,94.75
497,0.008058450857400893,99.992,0.24012962522655726,94.64,0.009381195457279681,99.978,0.2359034541592002,94.6
498,0.007758662908673286,99.992,0.24058419016748667,94.64,0.009407045818567276,99.982,0.2365830432444811,94.63
499,0.0081900924295187,99.984,0.24153565581440925,94.63,0.009222592006027699,99.982,0.2336968041062355,94.65
